title,company,location,link
Python Developer,Agama Solutions,,https://www.indeed.com/viewjob?jk=f6a64372a5851eec&from=web&vjs=3
Entry Level Business Analyst-Remote,Agama Solutions,,https://www.indeed.com/viewjob?jk=6f6a1c18da31655b&from=web&vjs=3
,Hackbright Academy,,https://www.indeed.com/viewjob?jk=0a3d7cf7b1b7a7e9&from=web&vjs=3
Python Engineer - Discovery,Outside Online,"Boulder, CO",https://www.indeed.com/viewjob?jk=6362e2e323331405&from=web&vjs=3
,"Excelraise, LLC",,https://www.indeed.com/viewjob?jk=ba3cc7c6d0c10dcf&from=web&vjs=3
,Actalent,,https://www.indeed.com/viewjob?jk=a2f1ec0f8f635360&from=web&vjs=3
Senior Python Developer,ShipHero,Remote,https://www.indeed.com/viewjob?jk=1ef36fc836615b49&from=web&vjs=3
,ePATHUSA Inc,,https://www.indeed.com/viewjob?jk=844908f1aa609641&from=web&vjs=3
Python Developer,Piper Companies,,https://www.indeed.com/viewjob?jk=dcd8aa324f77a41e&from=web&vjs=3
,EnterpriseDB Corporation,Remote,https://www.indeed.com/viewjob?jk=bf513a83d34e2a20&from=web&vjs=3
Junior Data Scientist Apprenticeship,IBM,,https://www.indeed.com/viewjob?jk=9879f58e80bd46b0&from=web&vjs=3
,"JPMorgan Chase Bank, N.A.",,https://www.indeed.com/viewjob?jk=36d4c5a5a56c5a14&from=web&vjs=3
Python Developer,Open Systems Technologies Corporation,,https://www.indeed.com/viewjob?jk=a41febeb311cab08&from=web&vjs=3
Python Engineer,Dyno Nobel,,https://www.indeed.com/viewjob?jk=8a7cc0dd2929e87e&from=web&vjs=3
Software Engineer-Python - Graduate,amdocs,,https://www.indeed.com/viewjob?jk=d2866ad20d893ec0&from=web&vjs=3
Senior Python Developer,eMoney Advisor,,https://www.indeed.com/viewjob?jk=3d24f55f111f7e29&from=web&vjs=3
O02R Python Developer,TalentWerx,"Quantico, VA",https://www.indeed.com/viewjob?jk=000f3a4ea33bc517&from=web&vjs=3
,Net Orbit,,https://www.indeed.com/viewjob?jk=05051ac6163455c7&from=web&vjs=3
Python/SAS/Pyspark/modeling consultant,RiskSpan,,https://www.indeed.com/viewjob?jk=82114c11e6f31e75&from=web&vjs=3
,Southwest Airlines,,https://www.indeed.com/viewjob?jk=ccf6e5ad5f232154&from=web&vjs=3
Head of Credit,MainStreet,Remote,https://www.indeed.com/viewjob?jk=5fcb2acb4930fa93&from=web&vjs=3
Backend Software Engineer-TikTok,TikTok,,https://www.indeed.com/viewjob?jk=523fdbe809b6c2f2&from=web&vjs=3
Python Developer,Sara Technologies,,https://www.indeed.com/viewjob?jk=07cc59a85ae4d228&from=web&vjs=3
,Apple,,https://www.indeed.com/viewjob?jk=7f979a2908170121&from=web&vjs=3
,AT&T,,https://www.indeed.com/viewjob?jk=e514bd4cf58b536f&from=web&vjs=3
Backend Python Engineer,Ocrolus,,https://www.indeed.com/viewjob?jk=0da52eb9d8a03540&from=web&vjs=3
,The Hartford,,https://www.indeed.com/viewjob?jk=0e598fd9e0607670&from=web&vjs=3
Informatica w/ Python,"CGI Group, Inc.","Lafayette, LA",https://www.indeed.com/viewjob?jk=21899782c6a32494&from=web&vjs=3
Data Scientist,BOEING,,https://www.indeed.com/viewjob?jk=1315fce81f1ffd44&from=web&vjs=3
,Invisible AI,,https://www.indeed.com/viewjob?jk=e336592e5b58599f&from=web&vjs=3
ETL testers,Keyseries,Remote,https://www.indeed.com/viewjob?jk=df38a11109b3e65d&from=web&vjs=3
,Apple,,https://www.indeed.com/viewjob?jk=740e4494f0dd6080&from=web&vjs=3
,Microsoft,,https://www.indeed.com/viewjob?jk=4c600b8e974a4c0a&from=web&vjs=3
Sr Python Software Engineer,Echodyne,,https://www.indeed.com/viewjob?jk=01ebcd4b2ad706a2&from=web&vjs=3
,TARGET,,https://www.indeed.com/viewjob?jk=23fcff89e1698348&from=web&vjs=3
Python Developer,Indus Group,United States,https://www.indeed.com/viewjob?jk=67008ecde32d356f&from=web&vjs=3
AWS Python Engineer - Accelerate DLA,Goldman Sachs,,https://www.indeed.com/viewjob?jk=801b64da973be520&from=web&vjs=3
Python Developer,Palnar Transmedia,United States,https://www.indeed.com/viewjob?jk=ed6eecf0f5d89d1b&from=web&vjs=3
Sr. Python Engineer,Highbrow-Tech,Remote,https://www.indeed.com/viewjob?jk=b3082332444a0831&from=web&vjs=3
Data Analyst - Business Development (Full Time/Part Time),"Bainbridge, Inc.",Remote,https://www.indeed.com/viewjob?jk=ba5466c6e05b613d&from=web&vjs=3
Python Developer,Infogen Labs,,https://www.indeed.com/viewjob?jk=b7b5a7c1d1027d10&from=web&vjs=3
Python Developer,CSC Generation,,https://www.indeed.com/viewjob?jk=3b344469db5ef9c4&from=web&vjs=3
Python Pyspark Consultant,CapB InfoteK,"Chicago, IL",https://www.indeed.com/viewjob?jk=682fc096e9a4efca&from=web&vjs=3
,Artemis Consulting Inc,,https://www.indeed.com/viewjob?jk=a8cb3f7405151141&from=web&vjs=3
Data Analytics Specialist - SQL/Python,Ivy Tech Solutions inc,,https://www.indeed.com/viewjob?jk=bd2e986451199db5&from=web&vjs=3
,Boston Children's Hospital,"Boston, MA",https://www.indeed.com/viewjob?jk=7aebaa43440e4b05&from=web&vjs=3
Application Support Specialist,YMCA of Pierce and Kitsap Counties,,https://www.indeed.com/viewjob?jk=5ddd1995079cc45d&from=web&vjs=3
"Laboratory Technical Assistant I- College of Sciences, Biolo...",University of Texas at San Antonio,,https://www.indeed.com/viewjob?jk=5ca4ec97c7928283&from=web&vjs=3
Software Engineer 2 - Remote,Microsoft,,https://www.indeed.com/viewjob?jk=b0e4bdf49b68fad6&from=web&vjs=3
Data Center Operations Engineer,Facebook,,https://www.indeed.com/viewjob?jk=98f6ca8a7f9c8184&from=web&vjs=3
,Actalent,"Redmond, WA",https://www.indeed.com/viewjob?jk=2fd39c9d160a8ae4&from=web&vjs=3
Sr. Cloud Engineer,NetApp,"Research Triangle Park, NC",https://www.indeed.com/viewjob?jk=c441116514e397be&from=web&vjs=3
,ServiceNow,,https://www.indeed.com/viewjob?jk=4233338b0af6d527&from=web&vjs=3
Data Scientist,TikTok,,https://www.indeed.com/viewjob?jk=5c503a0a077bd35e&from=web&vjs=3
,Kaiser Permanente,"Oakland, CA",https://www.indeed.com/viewjob?jk=a16fcb8149d34b8a&from=web&vjs=3
Contract Specialist,National Geospatial-Intelligence Agency,,https://www.indeed.com/viewjob?jk=a451948a6d0d5a61&from=web&vjs=3
,National Geospatial-Intelligence Agency,"Springfield, VA",https://www.indeed.com/viewjob?jk=cd180be8b0e6e9d8&from=web&vjs=3
Software Engineers & Web Developers,1DocWay,"New York, NY",https://www.indeed.com/viewjob?jk=597b9830f39b5420&from=web&vjs=3
People Data Analyst,Facebook,,https://www.indeed.com/viewjob?jk=52567204d7913257&from=web&vjs=3
,Aperia Solutions,,https://www.indeed.com/viewjob?jk=05a30c19e5444272&from=web&vjs=3
,Capgemini,,https://www.indeed.com/viewjob?jk=e4599e7206894a9c&from=web&vjs=3
Software Engineer - Python,Backstage,,https://www.indeed.com/viewjob?jk=2814f981b67e8b0b&from=web&vjs=3
Senior Python Developer,Six Feet Up Inc.,"Fishers, IN",https://www.indeed.com/viewjob?jk=d415983f29b3d543&from=web&vjs=3
Sales Engineer â€“ Energy Storage/Renewables,Envision Energy,,https://www.indeed.com/viewjob?jk=ec6a7648c574d390&from=web&vjs=3
,Oracle,"Orlando, FL",https://www.indeed.com/viewjob?jk=a03873ab408c5f93&from=web&vjs=3
,Anheuser-Busch,"St. Louis, MO",https://www.indeed.com/viewjob?jk=62e72d17d3f7d964&from=web&vjs=3
Sr. Python Developer,SIS,"Austin, TX",https://www.indeed.com/viewjob?jk=f2c8e51611af4081&from=web&vjs=3
"UX Engineer, Front End, Early Career",Google,,https://www.indeed.com/viewjob?jk=ad92ee22b6065be6&from=web&vjs=3
,"The Travelers Companies, Inc.",,https://www.indeed.com/viewjob?jk=59995daa740d99da&from=web&vjs=3
"Software Engineer, University Grad",Facebook,,https://www.indeed.com/viewjob?jk=89bfde80daa95604&from=web&vjs=3
